repo,repo_dir,workflow_files,yaml_like_files,yaml_like_ratio,total_jobs,avg_jobs_per_workflow,unique_events_count,events_json,unique_runner_count,runner_labels_json,has_matrix,has_workflow_dispatch,has_schedule,has_workflow_call,uses_reusable_workflow,unique_actions_count,sample_actions_json,repo_description
calcom/cal.com,calcom__cal.com,960,960,1.0,2832,2.95,12,"[""delete"", ""issues"", ""merge_group"", ""pull_request"", ""pull_request_review"", ""pull_request_target"", ""push"", ""release"", ""schedule"", ""workflow_call"", ""workflow_dispatch"", ""workflow_run""]",9,"[""${{ matrix.os }}"", ""blacksmith-2vcpu-ubuntu-2404"", ""blacksmith-4vcpu-ubuntu-2404"", ""buildjet-16vcpu-ubuntu-2204"", ""buildjet-2vcpu-ubuntu-2204"", ""buildjet-4vcpu-ubuntu-2204"", ""buildjet-8vcpu-ubuntu-2204"", ""ubuntu-24.04-arm"", ""ubuntu-latest""]",True,True,True,True,True,93,"[""\""actions/github-script@v6\"""", ""\""alstr/todo-to-issue-action@v4\"""", ""./.github/actions/cache-build-key"", ""./.github/actions/cache-checkout"", ""./.github/actions/cache-db-key"", ""./.github/actions/devin-session"", ""./.github/actions/docker-build-and-test"", ""./.github/actions/yarn-install"", ""./.github/workflows/api-v1-production-build.yml"", ""./.github/workflows/api-v2-production-build.yml""]","calcom/cal.com ha 960 workflow (960 YAML-like), con 2832 job totali e media 2.95 job/workflow. Trigger principali: delete, issues, merge_group, pull_request. Runner principali: ${{ matrix.os }}, blacksmith-2vcpu-ubuntu-2404, blacksmith-4vcpu-ubuntu-2404. Matrix: si, workflow riusabili ricevuti (workflow_call): si, riuso di workflow esterni/interni: si."
continuedev/continue,continuedev__continue,629,629,1.0,2498,3.9714,12,"[""create"", ""issue_comment"", ""issues"", ""pull_request"", ""pull_request_review_comment"", ""pull_request_target"", ""push"", ""release"", ""schedule"", ""workflow_call"", ""workflow_dispatch"", ""workflow_run""]",8,"[""${{ (matrix.language == 'swift' && 'macos-latest') || 'ubuntu-latest' }}"", ""${{ matrix.os }}"", ""${{ matrix.runner }}"", ""macos-13"", ""macos-latest"", ""ubuntu-20.04"", ""ubuntu-latest"", ""windows-latest""]",True,True,True,True,True,118,"[""./.github/actions/build-vscode-extension"", ""./.github/actions/check-llm-changes"", ""./.github/actions/run-jetbrains-tests"", ""./.github/actions/run-vscode-e2e-test"", ""./.github/actions/setup-component"", ""./.github/actions/setup-packages"", ""./.github/actions/track-rerun"", ""./.github/workflows/build-vscode-extension.yml"", ""./.github/workflows/reusable-release.yml"", ""./.github/workflows/run-continue-agent.yml""]","continuedev/continue ha 629 workflow (629 YAML-like), con 2498 job totali e media 3.9714 job/workflow. Trigger principali: create, issue_comment, issues, pull_request. Runner principali: ${{ (matrix.language == 'swift' && 'macos-latest') || 'ubuntu-latest' }}, ${{ matrix.os }}, ${{ matrix.runner }}. Matrix: si, workflow riusabili ricevuti (workflow_call): si, riuso di workflow esterni/interni: si."
Significant-Gravitas/Auto-GPT,Significant-Gravitas__Auto-GPT,538,538,1.0,895,1.6636,12,"[""issue_comment"", ""issues"", ""merge_group"", ""pull_request"", ""pull_request_review"", ""pull_request_review_comment"", ""pull_request_target"", ""push"", ""release"", ""schedule"", ""workflow_dispatch"", ""workflow_run""]",6,"[""${{ (matrix.language == 'swift' && 'macos-latest') || 'ubuntu-latest' }}"", ""${{ matrix.platform-os != 'macos-arm64' && format('{0}-latest"", ""${{ matrix.platform-os }}-latest"", ""big-boi"", ""matrix.platform-os) || 'macos-14' }}"", ""ubuntu-latest""]",True,True,True,False,True,79,"[""'google-github-actions/auth@v1'"", ""'google-github-actions/auth@v2'"", ""'google-github-actions/get-gke-credentials@v1'"", ""'google-github-actions/get-gke-credentials@v2'"", ""'google-github-actions/setup-gcloud@v1'"", ""'google-github-actions/setup-gcloud@v2'"", ""JamesIves/github-pages-deploy-action@v4"", ""JamesIves/github-sponsors-readme-action@v1"", ""actions/cache@v2"", ""actions/cache@v3""]","Significant-Gravitas/Auto-GPT ha 538 workflow (538 YAML-like), con 895 job totali e media 1.6636 job/workflow. Trigger principali: issue_comment, issues, merge_group, pull_request. Runner principali: ${{ (matrix.language == 'swift' && 'macos-latest') || 'ubuntu-latest' }}, ${{ matrix.platform-os != 'macos-arm64' && format('{0}-latest, ${{ matrix.platform-os }}-latest. Matrix: si, workflow riusabili ricevuti (workflow_call): no, riuso di workflow esterni/interni: si."
OpenDevin/OpenDevin,OpenDevin__OpenDevin,528,528,1.0,1561,2.9564,11,"[""issue_comment"", ""issues"", ""pull_request"", ""pull_request_review"", ""pull_request_review_comment"", ""pull_request_target"", ""push"", ""release"", ""schedule"", ""workflow_call"", ""workflow_dispatch""]",14,"[""${{ inputs.runner || 'ubuntu-latest' }}"", ""${{ inputs.runner }}"", ""${{ matrix.os }}"", ""blacksmith"", ""blacksmith-4vcpu-ubuntu-2204"", ""blacksmith-4vcpu-ubuntu-2404"", ""blacksmith-8vcpu-ubuntu-2204"", ""macos-12"", ""macos-13"", ""macos-14"", ""macos-latest"", ""ubuntu-24.04"", ""ubuntu-latest"", ""windows-latest""]",True,True,True,True,True,73,"[""'google-github-actions/auth@v2'"", ""'google-github-actions/upload-cloud-storage@v2'"", ""./.github/workflows/ghcr-runtime-reusable.yml"", ""All-Hands-AI/openhands-resolver/.github/workflows/openhands-resolver.yml@main"", ""KeisukeYamashita/create-comment@v1"", ""Mattraks/delete-workflow-runs@v2"", ""OpenHands/extensions/plugins/pr-review@main"", ""OpenHands/software-agent-sdk/.github/actions/pr-review@main"", ""abatilo/actions-poetry@v3"", ""abatilo/actions-poetry@v4""]","OpenDevin/OpenDevin ha 528 workflow (528 YAML-like), con 1561 job totali e media 2.9564 job/workflow. Trigger principali: issue_comment, issues, pull_request, pull_request_review. Runner principali: ${{ inputs.runner || 'ubuntu-latest' }}, ${{ inputs.runner }}, ${{ matrix.os }}. Matrix: si, workflow riusabili ricevuti (workflow_call): si, riuso di workflow esterni/interni: si."
microsoft/autogen,microsoft__autogen,333,333,1.0,1450,4.3544,10,"[""issue_comment"", ""issues"", ""merge_group"", ""pull_request"", ""pull_request_target"", ""push"", ""release"", ""schedule"", ""workflow_call"", ""workflow_dispatch""]",4,"[""${{ (matrix.language == 'swift' && 'macos-latest') || 'ubuntu-latest' }}"", ""${{ matrix.os }}"", ""ubuntu-latest"", ""windows-latest""]",True,True,True,True,True,21,"[""./.github/workflows/dotnet-build-test-packages.yml"", ""UnicornGlobal/has-changes-action@v1.0.11"", ""actions/cache@v3"", ""actions/checkout@v3"", ""actions/checkout@v4"", ""actions/deploy-pages@v4"", ""actions/github-script@v6"", ""actions/setup-dotnet@v3"", ""actions/setup-dotnet@v4"", ""actions/setup-python@v4""]","microsoft/autogen ha 333 workflow (333 YAML-like), con 1450 job totali e media 4.3544 job/workflow. Trigger principali: issue_comment, issues, merge_group, pull_request. Runner principali: ${{ (matrix.language == 'swift' && 'macos-latest') || 'ubuntu-latest' }}, ${{ matrix.os }}, ubuntu-latest. Matrix: si, workflow riusabili ricevuti (workflow_call): si, riuso di workflow esterni/interni: si."
HumanSignal/Adala,HumanSignal__Adala,324,324,1.0,535,1.6512,10,"[""issue_comment"", ""merge_group"", ""pull_request"", ""pull_request_target"", ""push"", ""release"", ""repository_dispatch"", ""schedule"", ""workflow_call"", ""workflow_dispatch""]",6,"[""${{ matrix.os }}"", ""${{ matrix.runner }}"", ""hs-dev-runner"", ""ubuntu-22.04"", ""ubuntu-latest"", ""windows-latest""]",True,True,True,True,True,134,"[""./.github/actions-hub/actions/argocd-app-create"", ""./.github/actions-hub/actions/argocd-app-delete"", ""./.github/actions-hub/actions/argocd-app-scaledown"", ""./.github/actions-hub/actions/argocd-app-wait"", ""./.github/actions-hub/actions/follow-merge-dispatch"", ""./.github/actions-hub/actions/follow-merge-find-or-create-pull-request"", ""./.github/actions-hub/actions/follow-merge-parse-payload"", ""./.github/actions-hub/actions/follow-merge-upstream-prs"", ""./.github/actions-hub/actions/git-configure"", ""./.github/actions-hub/actions/git-merge""]","HumanSignal/Adala ha 324 workflow (324 YAML-like), con 535 job totali e media 1.6512 job/workflow. Trigger principali: issue_comment, merge_group, pull_request, pull_request_target. Runner principali: ${{ matrix.os }}, ${{ matrix.runner }}, hs-dev-runner. Matrix: si, workflow riusabili ricevuti (workflow_call): si, riuso di workflow esterni/interni: si."
cpacker/MemGPT,cpacker__MemGPT,298,298,1.0,345,1.1577,9,"[""issue_comment"", ""pull_request"", ""pull_request_target"", ""push"", ""release"", ""schedule"", ""workflow_call"", ""workflow_dispatch"", ""workflow_run""]",5,"[""${{ fromJSON(inputs.runner) }}"", ""medium"", ""self-hosted"", ""small"", ""ubuntu-latest""]",True,True,True,True,True,37,"[""./.github/workflows/reusable-test-workflow.yml"", ""JRubics/poetry-publish@v1.17"", ""actions/cache/restore@v4"", ""actions/cache/save@v4"", ""actions/cache@v4"", ""actions/checkout@v2"", ""actions/checkout@v3"", ""actions/checkout@v4"", ""actions/configure-pages@v3"", ""actions/create-github-app-token@v1""]","cpacker/MemGPT ha 298 workflow (298 YAML-like), con 345 job totali e media 1.1577 job/workflow. Trigger principali: issue_comment, pull_request, pull_request_target, push. Runner principali: ${{ fromJSON(inputs.runner) }}, medium, self-hosted. Matrix: si, workflow riusabili ricevuti (workflow_call): si, riuso di workflow esterni/interni: si."
camel-ai/camel,camel-ai__camel,239,239,1.0,413,1.728,7,"[""branch_protection_rule"", ""merge_group"", ""pull_request"", ""push"", ""release"", ""schedule"", ""workflow_dispatch""]",2,"[""${{ (matrix.language == 'swift' && 'macos-latest') || 'ubuntu-latest' }}"", ""ubuntu-latest""]",True,True,True,False,True,56,"[""./.github/actions/camel_install"", ""JRubics/poetry-publish@v1.17"", ""JRubics/poetry-publish@v2.0"", ""abatilo/actions-poetry@v2"", ""actions/checkout@11bd71901bbe5b1630ceea73d27597364c9af683"", ""actions/checkout@34e114876b0b11c390a56381ad16ebd13914f8d5"", ""actions/checkout@8e8c483db84b4bee98b60c0593521ed34d9990e8"", ""actions/checkout@v3"", ""actions/checkout@v4"", ""actions/create-release@v1""]","camel-ai/camel ha 239 workflow (239 YAML-like), con 413 job totali e media 1.728 job/workflow. Trigger principali: branch_protection_rule, merge_group, pull_request, push. Runner principali: ${{ (matrix.language == 'swift' && 'macos-latest') || 'ubuntu-latest' }}, ubuntu-latest. Matrix: si, workflow riusabili ricevuti (workflow_call): no, riuso di workflow esterni/interni: si."
e2b-dev/e2b,e2b-dev__e2b,204,204,1.0,417,2.0441,5,"[""pull_request"", ""push"", ""schedule"", ""workflow_call"", ""workflow_dispatch""]",4,"[""${{ matrix.os }}"", ""ubuntu-20.04"", ""ubuntu-22.04"", ""ubuntu-latest""]",True,True,True,True,True,39,"[""./.github/workflows/build_docs_sandbox_template.yml"", ""./.github/workflows/cli-tests.yml"", ""./.github/workflows/cli_tests.yml"", ""./.github/workflows/js-sdk-tests.yml"", ""./.github/workflows/js_sdk_tests.yml"", ""./.github/workflows/publish_candidates.yml"", ""./.github/workflows/publish_packages.yml"", ""./.github/workflows/python-sdk-tests.yml"", ""./.github/workflows/python_sdk_tests.yml"", ""actions/cache@v3""]","e2b-dev/e2b ha 204 workflow (204 YAML-like), con 417 job totali e media 2.0441 job/workflow. Trigger principali: pull_request, push, schedule, workflow_call. Runner principali: ${{ matrix.os }}, ubuntu-20.04, ubuntu-22.04. Matrix: si, workflow riusabili ricevuti (workflow_call): si, riuso di workflow esterni/interni: si."
eidolon-ai/eidolon,eidolon-ai__eidolon,200,200,1.0,440,2.2,7,"[""pull_request"", ""pull_request_target"", ""push"", ""release"", ""schedule"", ""workflow_dispatch"", ""workflow_run""]",1,"[""ubuntu-latest""]",True,True,True,False,False,26,"[""KengoTODA/actions-setup-docker-compose@v1"", ""actions-cool/check-user-permission@v2"", ""actions/cache@v2"", ""actions/checkout@v3"", ""actions/checkout@v4"", ""actions/deploy-pages@v1"", ""actions/deploy-pages@v4"", ""actions/posthog-github-action"", ""actions/posthog-github-action@v1"", ""actions/setup-go@v5""]","eidolon-ai/eidolon ha 200 workflow (200 YAML-like), con 440 job totali e media 2.2 job/workflow. Trigger principali: pull_request, pull_request_target, push, release. Runner principali: ubuntu-latest. Matrix: si, workflow riusabili ricevuti (workflow_call): no, riuso di workflow esterni/interni: no."
langroid/langroid,langroid__langroid,190,190,1.0,307,1.6158,3,"[""pull_request"", ""push"", ""workflow_dispatch""]",1,"[""ubuntu-latest""]",True,True,False,False,True,28,"[""EnricoMi/publish-unit-test-result-action@v2"", ""Gr1N/setup-poetry@v8"", ""actions/cache@v4"", ""actions/checkout@v2"", ""actions/checkout@v3"", ""actions/checkout@v4"", ""actions/codecov-action@v2"", ""actions/github-script@v6"", ""actions/setup-python@v2"", ""actions/setup-python@v4""]","langroid/langroid ha 190 workflow (190 YAML-like), con 307 job totali e media 1.6158 job/workflow. Trigger principali: pull_request, push, workflow_dispatch. Runner principali: ubuntu-latest. Matrix: si, workflow riusabili ricevuti (workflow_call): no, riuso di workflow esterni/interni: si."
BloopAI/bloop,BloopAI__bloop,138,138,1.0,279,2.0217,6,"[""issue_comment"", ""pull_request"", ""push"", ""release"", ""schedule"", ""workflow_dispatch""]",6,"[""${{ matrix.name }}"", ""${{ matrix.os }}"", ""benchmark"", ""nixos"", ""self-hosted"", ""ubuntu-latest""]",True,True,True,False,True,30,"[""BloopAI/reusable-workflows/.github/workflows/validate-helm-chart.yml@main"", ""BloopAI/workflows/.github/workflows/build-container.yml@main"", ""actions-rs/toolchain@v1"", ""actions/cache@v2"", ""actions/cache@v3"", ""actions/checkout@v3"", ""actions/checkout@v4"", ""actions/download-artifact@v3"", ""actions/github-script@v6"", ""actions/setup-node@v3""]","BloopAI/bloop ha 138 workflow (138 YAML-like), con 279 job totali e media 2.0217 job/workflow. Trigger principali: issue_comment, pull_request, push, release. Runner principali: ${{ matrix.name }}, ${{ matrix.os }}, benchmark. Matrix: si, workflow riusabili ricevuti (workflow_call): no, riuso di workflow esterni/interni: si."
paul-gauthier/aider,paul-gauthier__aider,122,121,0.9918,127,1.041,4,"[""pull_request"", ""push"", ""schedule"", ""workflow_dispatch""]",3,"[""${{ matrix.os }}"", ""ubuntu-latest"", ""windows-latest""]",True,True,True,False,True,18,"[""actions/checkout@v3"", ""actions/checkout@v4"", ""actions/configure-pages@v3"", ""actions/deploy-pages@v2"", ""actions/deploy-pages@v4"", ""actions/setup-python@v4"", ""actions/setup-python@v5"", ""actions/upload-artifact@v4"", ""actions/upload-pages-artifact@v1"", ""actions/upload-pages-artifact@v3""]","paul-gauthier/aider ha 122 workflow (121 YAML-like), con 127 job totali e media 1.041 job/workflow. Trigger principali: pull_request, push, schedule, workflow_dispatch. Runner principali: ${{ matrix.os }}, ubuntu-latest, windows-latest. Matrix: si, workflow riusabili ricevuti (workflow_call): no, riuso di workflow esterni/interni: si."
joaomdmoura/crewai,joaomdmoura__crewai,85,85,1.0,100,1.1765,6,"[""pull_request"", ""push"", ""release"", ""repository_dispatch"", ""schedule"", ""workflow_dispatch""]",2,"[""${{ (matrix.language == 'swift' && 'macos-latest') || 'ubuntu-latest' }}"", ""ubuntu-latest""]",True,True,True,False,False,22,"[""actions/cache/restore@v4"", ""actions/cache/save@v4"", ""actions/cache@v3"", ""actions/cache@v4"", ""actions/checkout@v2"", ""actions/checkout@v4"", ""actions/download-artifact@v4"", ""actions/setup-node@v4"", ""actions/setup-python@v4"", ""actions/setup-python@v5""]","joaomdmoura/crewai ha 85 workflow (85 YAML-like), con 100 job totali e media 1.1765 job/workflow. Trigger principali: pull_request, push, release, repository_dispatch. Runner principali: ${{ (matrix.language == 'swift' && 'macos-latest') || 'ubuntu-latest' }}, ubuntu-latest. Matrix: si, workflow riusabili ricevuti (workflow_call): no, riuso di workflow esterni/interni: no."
princeton-nlp/SWE-agent,princeton-nlp__SWE-agent,75,74,0.9867,74,0.9867,4,"[""pull_request"", ""push"", ""schedule"", ""workflow_dispatch""]",1,"[""ubuntu-latest""]",True,True,True,False,True,21,"[""actions/checkout@v2"", ""actions/checkout@v4"", ""actions/checkout@v5"", ""actions/checkout@v6"", ""actions/upload-artifact@v4"", ""actions/upload-artifact@v5"", ""actions/upload-artifact@v6"", ""actions/upload-artifact@v7"", ""codecov/codecov-action@v4.0.1"", ""codecov/codecov-action@v4.6.0""]","princeton-nlp/SWE-agent ha 75 workflow (74 YAML-like), con 74 job totali e media 0.9867 job/workflow. Trigger principali: pull_request, push, schedule, workflow_dispatch. Runner principali: ubuntu-latest. Matrix: si, workflow riusabili ricevuti (workflow_call): no, riuso di workflow esterni/interni: si."
Canner/WrenAI,Canner__WrenAI,71,71,1.0,103,1.4507,4,"[""issue_comment"", ""pull_request"", ""push"", ""workflow_dispatch""]",4,"[""${{ matrix.arch.runner }}"", ""macos-latest"", ""ubuntu-22.04"", ""ubuntu-latest""]",True,True,False,False,True,27,"[""abatilo/actions-poetry@v2"", ""abatilo/actions-poetry@v3"", ""actions/checkout@v3"", ""actions/checkout@v4"", ""actions/create-github-app-token@v1"", ""actions/download-artifact@v4"", ""actions/github-script@v6"", ""actions/setup-go@v4"", ""actions/setup-go@v5"", ""actions/setup-node@v2""]","Canner/WrenAI ha 71 workflow (71 YAML-like), con 103 job totali e media 1.4507 job/workflow. Trigger principali: issue_comment, pull_request, push, workflow_dispatch. Runner principali: ${{ matrix.arch.runner }}, macos-latest, ubuntu-22.04. Matrix: si, workflow riusabili ricevuti (workflow_call): no, riuso di workflow esterni/interni: si."
emrgnt-cmplxty/automata,emrgnt-cmplxty__automata,71,71,1.0,71,1.0,3,"[""pull_request"", ""push"", ""schedule""]",2,"[""${{ matrix.os }}"", ""ubuntu-latest""]",True,False,True,False,True,8,"[""actions/checkout@v2"", ""actions/checkout@v3"", ""actions/setup-python@master"", ""actions/setup-python@v2"", ""actions/setup-python@v3"", ""actions/upload-artifact@v2"", ""codecov/codecov-action@v3"", ""docker/login-action@v1""]","emrgnt-cmplxty/automata ha 71 workflow (71 YAML-like), con 71 job totali e media 1.0 job/workflow. Trigger principali: pull_request, push, schedule. Runner principali: ${{ matrix.os }}, ubuntu-latest. Matrix: si, workflow riusabili ricevuti (workflow_call): no, riuso di workflow esterni/interni: si."
airtai/fastagency,airtai__fastagency,67,67,1.0,328,4.8955,7,"[""pull_request"", ""push"", ""release"", ""schedule"", ""workflow_call"", ""workflow_dispatch"", ""workflow_run""]",6,"[""${{ (matrix.language == 'swift' && 'macos-latest') || 'ubuntu-latest' }}"", ""${{ inputs.platform }}"", ""macos-latest"", ""ubuntu-22.04"", ""ubuntu-latest"", ""windows-latest""]",True,True,True,True,True,18,"[""./.github/workflows/test-playwright.yaml"", ""./.github/workflows/test.yaml"", ""actions/checkout@v4"", ""actions/dependency-review-action@v4"", ""actions/download-artifact@v4"", ""actions/setup-python@v5"", ""actions/upload-artifact@v4"", ""codecov/codecov-action@v4"", ""codecov/codecov-action@v5"", ""github/codeql-action/analyze@v3""]","airtai/fastagency ha 67 workflow (67 YAML-like), con 328 job totali e media 4.8955 job/workflow. Trigger principali: pull_request, push, release, schedule. Runner principali: ${{ (matrix.language == 'swift' && 'macos-latest') || 'ubuntu-latest' }}, ${{ inputs.platform }}, macos-latest. Matrix: si, workflow riusabili ricevuti (workflow_call): si, riuso di workflow esterni/interni: si."
FOLLGAD/Godmode-GPT,FOLLGAD__Godmode-GPT,59,59,1.0,76,1.2881,7,"[""pull_request"", ""pull_request_target"", ""push"", ""release"", ""schedule"", ""workflow_dispatch"", ""workflow_run""]",1,"[""ubuntu-latest""]",True,True,True,False,True,17,"[""JamesIves/github-pages-deploy-action@v4"", ""JamesIves/github-sponsors-readme-action@v1"", ""actions/cache@v3"", ""actions/checkout@v2"", ""actions/checkout@v3"", ""actions/setup-python@v2"", ""actions/setup-python@v3"", ""actions/setup-python@v4"", ""actions/upload-artifact@v3"", ""codecov/codecov-action@v3""]","FOLLGAD/Godmode-GPT ha 59 workflow (59 YAML-like), con 76 job totali e media 1.2881 job/workflow. Trigger principali: pull_request, pull_request_target, push, release. Runner principali: ubuntu-latest. Matrix: si, workflow riusabili ricevuti (workflow_call): no, riuso di workflow esterni/interni: si."
FlowiseAI/Flowise,FlowiseAI__Flowise,56,56,1.0,66,1.1786,4,"[""pull_request"", ""pull_request_target"", ""push"", ""workflow_dispatch""]",2,"[""${{ matrix.platform }}"", ""ubuntu-latest""]",True,True,False,False,False,24,"[""actions/checkout@v4"", ""actions/checkout@v4.1.1"", ""actions/checkout@v6"", ""actions/checkout@v6.0.2"", ""actions/setup-node@v3"", ""actions/setup-node@v4"", ""actions/setup-node@v6"", ""aws-actions/amazon-ecr-login@v1"", ""aws-actions/amazon-ecr-login@v2"", ""aws-actions/configure-aws-credentials@8df5847569e6427dd6c4fb1cf565c83acfa8afa7""]","FlowiseAI/Flowise ha 56 workflow (56 YAML-like), con 66 job totali e media 1.1786 job/workflow. Trigger principali: pull_request, pull_request_target, push, workflow_dispatch. Runner principali: ${{ matrix.platform }}, ubuntu-latest. Matrix: si, workflow riusabili ricevuti (workflow_call): no, riuso di workflow esterni/interni: no."
pezzolabs/pezzo,pezzolabs__pezzo,40,40,1.0,64,1.6,5,"[""jobs"", ""pull_request"", ""push"", ""release"", ""workflow_dispatch""]",2,"[""ubuntu-20.04"", ""ubuntu-22.04""]",True,True,False,False,True,10,"[""PostHog/check-package-version@v2"", ""actions/cache@v3"", ""actions/download-artifact@v2"", ""actions/upload-artifact@v2"", ""docker/build-push-action@v4"", ""docker/login-action@v2"", ""docker/metadata-action@v4"", ""docker/setup-buildx-action@v2"", ""docker/setup-qemu-action@v2"", ""octokit/request-action@v2.x""]","pezzolabs/pezzo ha 40 workflow (40 YAML-like), con 64 job totali e media 1.6 job/workflow. Trigger principali: jobs, pull_request, push, release. Runner principali: ubuntu-20.04, ubuntu-22.04. Matrix: si, workflow riusabili ricevuti (workflow_call): no, riuso di workflow esterni/interni: si."
satellitecomponent/Neurite,satellitecomponent__Neurite,36,36,1.0,92,2.5556,2,"[""push"", ""workflow_dispatch""]",2,"[""${{ matrix.os }}"", ""ubuntu-latest""]",True,True,False,False,False,11,"[""actions/checkout@v3"", ""actions/checkout@v4"", ""actions/download-artifact@v3"", ""actions/download-artifact@v3.0.2"", ""actions/download-artifact@v4"", ""actions/setup-node@v3"", ""actions/setup-node@v4"", ""actions/upload-artifact@v3"", ""actions/upload-artifact@v3.1.3"", ""actions/upload-artifact@v4""]","satellitecomponent/Neurite ha 36 workflow (36 YAML-like), con 92 job totali e media 2.5556 job/workflow. Trigger principali: push, workflow_dispatch. Runner principali: ${{ matrix.os }}, ubuntu-latest. Matrix: si, workflow riusabili ricevuti (workflow_call): no, riuso di workflow esterni/interni: no."
Kav-K/GPTDiscord,Kav-K__GPTDiscord,35,35,1.0,66,1.8857,4,"[""pull_request"", ""push"", ""release"", ""schedule""]",3,"[""${{ matrix.os }}"", ""ubuntu-20.04"", ""ubuntu-latest""]",True,False,True,False,False,26,"[""actions/checkout@v3"", ""actions/checkout@v4"", ""actions/setup-python@v4"", ""appleboy/scp-action@master"", ""cytopia/docker-black@0.10"", ""docker/build-push-action@ac9327eae2b366085ac7f6a2d02df8aa8ead720a"", ""docker/build-push-action@v3"", ""docker/build-push-action@v4"", ""docker/build-push-action@v5"", ""docker/login-action@28218f9b04b4f3f62068d7b6ce6ca5b26e35336c""]","Kav-K/GPTDiscord ha 35 workflow (35 YAML-like), con 66 job totali e media 1.8857 job/workflow. Trigger principali: pull_request, push, release, schedule. Runner principali: ${{ matrix.os }}, ubuntu-20.04, ubuntu-latest. Matrix: si, workflow riusabili ricevuti (workflow_call): no, riuso di workflow esterni/interni: no."
homanp/superagent,homanp__superagent,35,35,1.0,127,3.6286,7,"[""issue_comment"", ""issues"", ""pull_request"", ""pull_request_review"", ""pull_request_review_comment"", ""push"", ""workflow_dispatch""]",2,"[""${{ matrix.os }}"", ""ubuntu-latest""]",True,True,False,False,True,16,"[""actions-rs/toolchain@v1"", ""actions/cache@v3"", ""actions/checkout@v4"", ""actions/download-artifact@v3"", ""actions/download-artifact@v4"", ""actions/setup-node@v4"", ""actions/setup-python@v5"", ""actions/upload-artifact@v3"", ""actions/upload-artifact@v4"", ""anthropics/claude-code-action@v1""]","homanp/superagent ha 35 workflow (35 YAML-like), con 127 job totali e media 3.6286 job/workflow. Trigger principali: issue_comment, issues, pull_request, pull_request_review. Runner principali: ${{ matrix.os }}, ubuntu-latest. Matrix: si, workflow riusabili ricevuti (workflow_call): no, riuso di workflow esterni/interni: si."
irgolic/AutoPR,irgolic__AutoPR,35,35,1.0,41,1.1714,5,"[""issue_comment"", ""issues"", ""pull_request"", ""pull_request_target"", ""push""]",1,"[""ubuntu-latest""]",True,False,False,False,False,13,"[""./"", ""actions/cache@v2"", ""actions/checkout@v2"", ""actions/setup-python@v4"", ""docker/build-push-action@v4"", ""docker/login-action@v1"", ""docker/setup-buildx-action@v1"", ""docker://ghcr.io/irgolic/autopr:latest"", ""docker://irgolic/autopr:latest"", ""irgolic/AutoPR@main""]","irgolic/AutoPR ha 35 workflow (35 YAML-like), con 41 job totali e media 1.1714 job/workflow. Trigger principali: issue_comment, issues, pull_request, pull_request_target. Runner principali: ubuntu-latest. Matrix: si, workflow riusabili ricevuti (workflow_call): no, riuso di workflow esterni/interni: no."
polywrap/evo.ninja,polywrap__evo.ninja,33,33,1.0,33,1.0,3,"[""issue_comment"", ""pull_request"", ""push""]",1,"[""ubuntu-latest""]",False,False,False,False,False,9,"[""JamesIves/github-pages-deploy-action@v4"", ""actions/checkout@v2"", ""actions/checkout@v3"", ""actions/github-script@0.8.0"", ""actions/github-script@v6"", ""actions/setup-node@master"", ""actions/setup-node@v1"", ""actions/setup-python@v4"", ""actions/upload-artifact@v2""]","polywrap/evo.ninja ha 33 workflow (33 YAML-like), con 33 job totali e media 1.0 job/workflow. Trigger principali: issue_comment, pull_request, push. Runner principali: ubuntu-latest. Matrix: no, workflow riusabili ricevuti (workflow_call): no, riuso di workflow esterni/interni: no."
AntonOsika/gpt-engineer,AntonOsika__gpt-engineer,28,28,1.0,32,1.1429,6,"[""issues"", ""pull_request"", ""push"", ""release"", ""schedule"", ""workflow_dispatch""]",3,"[""${{ (matrix.language == 'swift' && 'macos-latest') || 'ubuntu-latest' }}"", ""ubuntu-20.04"", ""ubuntu-latest""]",True,True,True,False,False,11,"[""actions/cache@v3"", ""actions/checkout@v3"", ""actions/download-artifact@v3"", ""actions/setup-python@v4"", ""actions/stale@v4"", ""actions/upload-artifact@v3"", ""codespell-project/actions-codespell@v2"", ""github/codeql-action/analyze@v2"", ""github/codeql-action/autobuild@v2"", ""github/codeql-action/init@v2""]","AntonOsika/gpt-engineer ha 28 workflow (28 YAML-like), con 32 job totali e media 1.1429 job/workflow. Trigger principali: issues, pull_request, push, release. Runner principali: ${{ (matrix.language == 'swift' && 'macos-latest') || 'ubuntu-latest' }}, ubuntu-20.04, ubuntu-latest. Matrix: si, workflow riusabili ricevuti (workflow_call): no, riuso di workflow esterni/interni: no."
kreneskyp/ix,kreneskyp__ix,28,28,1.0,71,2.5357,4,"[""pull_request"", ""push"", ""release"", ""workflow_dispatch""]",1,"[""ubuntu-latest""]",False,True,False,False,False,11,"[""./.github/actions/run-docker"", ""actions/cache@v2"", ""actions/cache@v3"", ""actions/checkout@v2"", ""actions/checkout@v3"", ""actions/checkout@v4"", ""actions/upload-artifact@v2"", ""docker/build-push-action@v4"", ""docker/login-action@v2"", ""docker/setup-buildx-action@v2""]","kreneskyp/ix ha 28 workflow (28 YAML-like), con 71 job totali e media 2.5357 job/workflow. Trigger principali: pull_request, push, release, workflow_dispatch. Runner principali: ubuntu-latest. Matrix: no, workflow riusabili ricevuti (workflow_call): no, riuso di workflow esterni/interni: no."
biobootloader/mentat,biobootloader__mentat,27,27,1.0,58,2.1481,4,"[""pull_request"", ""push"", ""schedule"", ""workflow_dispatch""]",2,"[""${{ matrix.os }}"", ""ubuntu-latest""]",True,True,True,False,False,6,"[""actions/checkout@v3"", ""actions/setup-node@v4"", ""actions/setup-python@v3"", ""actions/setup-python@v4"", ""dawidd6/action-homebrew-bump-formula@v3"", ""softprops/action-gh-release@v1""]","biobootloader/mentat ha 27 workflow (27 YAML-like), con 58 job totali e media 2.1481 job/workflow. Trigger principali: pull_request, push, schedule, workflow_dispatch. Runner principali: ${{ matrix.os }}, ubuntu-latest. Matrix: si, workflow riusabili ricevuti (workflow_call): no, riuso di workflow esterni/interni: no."
trypromptly/LLMStack,trypromptly__LLMStack,27,27,1.0,27,1.0,2,"[""pull_request"", ""push""]",3,"[""${{ (matrix.language == 'swift' && 'macos-latest') || 'ubuntu-latest' }}"", ""large-runner"", ""ubuntu-latest""]",True,False,False,False,False,15,"[""actions/checkout@v3"", ""actions/setup-node@v3"", ""actions/setup-python@v4"", ""docker/build-push-action@v4"", ""docker/login-action@v2.2.0"", ""docker/metadata-action@v4"", ""docker/setup-buildx-action@v2"", ""docker/setup-qemu-action@v2"", ""github/codeql-action/analyze@v2"", ""github/codeql-action/autobuild@v2""]","trypromptly/LLMStack ha 27 workflow (27 YAML-like), con 27 job totali e media 1.0 job/workflow. Trigger principali: pull_request, push. Runner principali: ${{ (matrix.language == 'swift' && 'macos-latest') || 'ubuntu-latest' }}, large-runner, ubuntu-latest. Matrix: si, workflow riusabili ricevuti (workflow_call): no, riuso di workflow esterni/interni: no."
geekan/MetaGPT,geekan__MetaGPT,26,26,1.0,26,1.0,6,"[""pull_request"", ""pull_request_target"", ""push"", ""release"", ""schedule"", ""workflow_dispatch""]",2,"[""ubuntu-22.04"", ""ubuntu-latest""]",True,True,True,False,False,6,"[""actions/checkout@v2"", ""actions/setup-python@v2"", ""actions/setup-python@v4"", ""actions/upload-artifact@v3"", ""actions/upload-artifact@v4"", ""codecov/codecov-action@v3""]","geekan/MetaGPT ha 26 workflow (26 YAML-like), con 26 job totali e media 1.0 job/workflow. Trigger principali: pull_request, pull_request_target, push, release. Runner principali: ubuntu-22.04, ubuntu-latest. Matrix: si, workflow riusabili ricevuti (workflow_call): no, riuso di workflow esterni/interni: no."
Pythagora-io/gpt-pilot,Pythagora-io__gpt-pilot,22,22,1.0,33,1.5,3,"[""pull_request"", ""push"", ""workflow_dispatch""]",2,"[""${{ matrix.os }}"", ""ubuntu-latest""]",True,True,False,False,False,8,"[""actions/checkout@v4"", ""actions/setup-node@v3"", ""actions/setup-node@v4"", ""actions/setup-python@v2"", ""actions/setup-python@v4"", ""actions/setup-python@v5"", ""aws-actions/configure-aws-credentials@v3"", ""docker/login-action@v3""]","Pythagora-io/gpt-pilot ha 22 workflow (22 YAML-like), con 33 job totali e media 1.5 job/workflow. Trigger principali: pull_request, push, workflow_dispatch. Runner principali: ${{ matrix.os }}, ubuntu-latest. Matrix: si, workflow riusabili ricevuti (workflow_call): no, riuso di workflow esterni/interni: no."
imartinez/privateGPT,imartinez__privateGPT,21,21,1.0,30,1.4286,6,"[""pull_request"", ""pull_request_target"", ""push"", ""release"", ""schedule"", ""workflow_dispatch""]",1,"[""ubuntu-latest""]",True,True,True,False,True,13,"[""actions/checkout@v4"", ""actions/github-script@v4"", ""actions/github-script@v7"", ""actions/setup-node@v3"", ""actions/setup-node@v4"", ""actions/upload-artifact@v3"", ""docker/build-push-action@v5"", ""docker/build-push-action@v6"", ""docker/login-action@v3"", ""docker/metadata-action@v5""]","imartinez/privateGPT ha 21 workflow (21 YAML-like), con 30 job totali e media 1.4286 job/workflow. Trigger principali: pull_request, pull_request_target, push, release. Runner principali: ubuntu-latest. Matrix: si, workflow riusabili ricevuti (workflow_call): no, riuso di workflow esterni/interni: si."
reworkd/AgentGPT,reworkd__AgentGPT,21,21,1.0,36,1.7143,4,"[""pull_request"", ""push"", ""schedule"", ""workflow_dispatch""]",1,"[""ubuntu-latest""]",False,True,True,False,False,6,"[""JamesIves/github-pages-deploy-action@v4.4.1"", ""JamesIves/github-sponsors-readme-action@v1"", ""JamesIves/github-sponsors-readme-action@v1.2.2"", ""actions/checkout@v2"", ""actions/setup-node@v3"", ""peter-evans/create-pull-request@v5.0.1""]","reworkd/AgentGPT ha 21 workflow (21 YAML-like), con 36 job totali e media 1.7143 job/workflow. Trigger principali: pull_request, push, schedule, workflow_dispatch. Runner principali: ubuntu-latest. Matrix: no, workflow riusabili ricevuti (workflow_call): no, riuso di workflow esterni/interni: no."
vanna-ai/vanna,vanna-ai__vanna,20,20,1.0,20,1.0,2,"[""push"", ""release""]",1,"[""ubuntu-latest""]",False,False,False,False,False,3,"[""actions/setup-python@v3"", ""actions/setup-python@v5"", ""pypa/gh-action-pypi-publish@27b31702a0e7fc50959f5ad993c78deac1bdfc29""]","vanna-ai/vanna ha 20 workflow (20 YAML-like), con 20 job totali e media 1.0 job/workflow. Trigger principali: push, release. Runner principali: ubuntu-latest. Matrix: no, workflow riusabili ricevuti (workflow_call): no, riuso di workflow esterni/interni: no."
memfreeme/memfree,memfreeme__memfree,19,19,1.0,19,1.0,3,"[""issues"", ""pull_request_target"", ""push""]",1,"[""ubuntu-latest""]",False,False,False,False,False,7,"[""actions/checkout@v2"", ""actions/first-interaction@v1"", ""actions/github-script@v5"", ""actions/github-script@v6"", ""actions/setup-node@v1"", ""actions/setup-node@v2"", ""dephraiim/translate-readme@main""]","memfreeme/memfree ha 19 workflow (19 YAML-like), con 19 job totali e media 1.0 job/workflow. Trigger principali: issues, pull_request_target, push. Runner principali: ubuntu-latest. Matrix: no, workflow riusabili ricevuti (workflow_call): no, riuso di workflow esterni/interni: no."
jina-ai/dev-gpt,jina-ai__dev-gpt,18,18,1.0,29,1.6111,3,"[""pull_request"", ""push"", ""workflow_dispatch""]",1,"[""ubuntu-latest""]",True,True,False,False,False,7,"[""actions/checkout@v2"", ""actions/setup-python@v2"", ""ad-m/github-push-action@v0.6.0"", ""docker/build-push-action@v2"", ""docker/login-action@v1"", ""docker/setup-buildx-action@v1"", ""dorny/paths-filter@v2""]","jina-ai/dev-gpt ha 18 workflow (18 YAML-like), con 29 job totali e media 1.6111 job/workflow. Trigger principali: pull_request, push, workflow_dispatch. Runner principali: ubuntu-latest. Matrix: si, workflow riusabili ricevuti (workflow_call): no, riuso di workflow esterni/interni: no."
xeol-io/bumpgen,xeol-io__bumpgen,17,17,1.0,33,1.9412,4,"[""merge_group"", ""pull_request"", ""pull_request_target"", ""push""]",1,"[""ubuntu-latest""]",False,False,False,False,False,4,"[""./"", ""./tooling/github/setup"", ""actions/checkout@v4"", ""actions/setup-node@v3""]","xeol-io/bumpgen ha 17 workflow (17 YAML-like), con 33 job totali e media 1.9412 job/workflow. Trigger principali: merge_group, pull_request, pull_request_target, push. Runner principali: ubuntu-latest. Matrix: no, workflow riusabili ricevuti (workflow_call): no, riuso di workflow esterni/interni: no."
genia-dev/GeniA,genia-dev__GeniA,16,16,1.0,16,1.0,2,"[""pull_request"", ""push""]",1,"[""ubuntu-latest""]",False,False,False,False,False,4,"[""actions/checkout@v2"", ""actions/setup-python@v2"", ""mhausenblas/mkdocs-deploy-gh-pages@1.26"", ""mhausenblas/mkdocs-deploy-gh-pages@master""]","genia-dev/GeniA ha 16 workflow (16 YAML-like), con 16 job totali e media 1.0 job/workflow. Trigger principali: pull_request, push. Runner principali: ubuntu-latest. Matrix: no, workflow riusabili ricevuti (workflow_call): no, riuso di workflow esterni/interni: no."
Oneirocom/Magick,Oneirocom__Magick,15,15,1.0,15,1.0,4,"[""branch_protection_rule"", ""pull_request"", ""push"", ""schedule""]",3,"[""${{ (matrix.language == 'swift' && 'macos-latest') || 'ubuntu-latest' }}"", ""${{ matrix.os }}"", ""ubuntu-latest""]",True,False,True,False,False,23,"[""actions/checkout@8e5e7e5ab8b370d6c329ec480221332ada57f0ab"", ""actions/checkout@93ea575cb5d8a053eaa0ac8fa3b40d7e05a33cc8"", ""actions/checkout@ee0669bd1cc54295c223e0bb666b733df41de1c5"", ""actions/checkout@v2"", ""actions/checkout@v3"", ""actions/create-release@fca5fb59dbfa2749e2850463e8c5af9e3ee0e270"", ""actions/create-release@v1.0.1"", ""actions/setup-node@25316bbc1f10ac9d8798711f44914b1cf3c4e954"", ""actions/setup-node@64ed1c7eab4cce3362f8c340dee64e5eaeef8f7c"", ""actions/setup-node@v2.4.0""]","Oneirocom/Magick ha 15 workflow (15 YAML-like), con 15 job totali e media 1.0 job/workflow. Trigger principali: branch_protection_rule, pull_request, push, schedule. Runner principali: ${{ (matrix.language == 'swift' && 'macos-latest') || 'ubuntu-latest' }}, ${{ matrix.os }}, ubuntu-latest. Matrix: si, workflow riusabili ricevuti (workflow_call): no, riuso di workflow esterni/interni: no."
krohling/bondai,krohling__bondai,14,14,1.0,14,1.0,2,"[""push"", ""workflow_dispatch""]",1,"[""ubuntu-latest""]",False,True,False,False,False,8,"[""actions/checkout@v2"", ""actions/setup-node@v2"", ""actions/setup-python@v2"", ""chetan/invalidate-cloudfront-action@v1.3"", ""docker/build-push-action@v2"", ""docker/login-action@v1"", ""docker/setup-buildx-action@v1"", ""jakejarvis/s3-sync-action@master""]","krohling/bondai ha 14 workflow (14 YAML-like), con 14 job totali e media 1.0 job/workflow. Trigger principali: push, workflow_dispatch. Runner principali: ubuntu-latest. Matrix: no, workflow riusabili ricevuti (workflow_call): no, riuso di workflow esterni/interni: no."
rumpfmax/Multi-GPT,rumpfmax__Multi-GPT,14,14,1.0,14,1.0,2,"[""pull_request"", ""push""]",1,"[""ubuntu-latest""]",True,False,False,False,False,3,"[""actions/checkout@v2"", ""actions/setup-python@v2"", ""peter-evans/autopep8@v1""]","rumpfmax/Multi-GPT ha 14 workflow (14 YAML-like), con 14 job totali e media 1.0 job/workflow. Trigger principali: pull_request, push. Runner principali: ubuntu-latest. Matrix: si, workflow riusabili ricevuti (workflow_call): no, riuso di workflow esterni/interni: no."
KillianLucas/open-interpreter,KillianLucas__open-interpreter,13,13,1.0,13,1.0,3,"[""issues"", ""pull_request"", ""push""]",1,"[""ubuntu-latest""]",True,False,False,False,False,1,"[""actions/setup-python@v3""]","KillianLucas/open-interpreter ha 13 workflow (13 YAML-like), con 13 job totali e media 1.0 job/workflow. Trigger principali: issues, pull_request, push. Runner principali: ubuntu-latest. Matrix: si, workflow riusabili ricevuti (workflow_call): no, riuso di workflow esterni/interni: no."
RubricLab/maige,RubricLab__maige,13,13,1.0,13,1.0,2,"[""pull_request"", ""push""]",1,"[""ubuntu-latest""]",False,False,False,False,True,2,"[""actions/checkout@v2"", ""actions/setup-node@v2""]","RubricLab/maige ha 13 workflow (13 YAML-like), con 13 job totali e media 1.0 job/workflow. Trigger principali: pull_request, push. Runner principali: ubuntu-latest. Matrix: no, workflow riusabili ricevuti (workflow_call): no, riuso di workflow esterni/interni: si."
topoteretes/PromethAI-Backend,topoteretes__PromethAI-Backend,13,13,1.0,21,1.6154,1,"[""push""]",1,"[""ubuntu-latest""]",False,False,False,False,False,6,"[""./.github/actions/image_builder"", ""actions/checkout@v3"", ""actions/create-release@v1"", ""actions/github-script@v6"", ""anothrNick/github-tag-action@1.34.0"", ""aws-actions/configure-aws-credentials@v1""]","topoteretes/PromethAI-Backend ha 13 workflow (13 YAML-like), con 21 job totali e media 1.6154 job/workflow. Trigger principali: push. Runner principali: ubuntu-latest. Matrix: no, workflow riusabili ricevuti (workflow_call): no, riuso di workflow esterni/interni: no."
Farama-Foundation/chatarena,Farama-Foundation__chatarena,11,11,1.0,15,1.3636,3,"[""pull_request"", ""push"", ""release""]",4,"[""${{ matrix.os }}"", ""macos-11"", ""ubuntu-latest"", ""windows-latest""]",True,False,False,False,False,6,"[""actions/download-artifact@v2"", ""actions/download-artifact@v3"", ""actions/setup-python@v4"", ""actions/upload-artifact@v2"", ""actions/upload-artifact@v3"", ""pypa/gh-action-pypi-publish@release/v1""]","Farama-Foundation/chatarena ha 11 workflow (11 YAML-like), con 15 job totali e media 1.3636 job/workflow. Trigger principali: pull_request, push, release. Runner principali: ${{ matrix.os }}, macos-11, ubuntu-latest. Matrix: si, workflow riusabili ricevuti (workflow_call): no, riuso di workflow esterni/interni: no."
ur-whitelab/chemcrow-public,ur-whitelab__chemcrow-public,10,10,1.0,10,1.0,4,"[""pull_request"", ""push"", ""release"", ""workflow_dispatch""]",1,"[""ubuntu-latest""]",True,True,False,False,False,4,"[""actions/setup-python@v2"", ""pypa/gh-action-pypi-publish@main"", ""pypa/gh-action-pypi-publish@master"", ""pypa/gh-action-pypi-publish@release/v1""]","ur-whitelab/chemcrow-public ha 10 workflow (10 YAML-like), con 10 job totali e media 1.0 job/workflow. Trigger principali: pull_request, push, release, workflow_dispatch. Runner principali: ubuntu-latest. Matrix: si, workflow riusabili ricevuti (workflow_call): no, riuso di workflow esterni/interni: no."
agiresearch/OpenAGI,agiresearch__OpenAGI,9,9,1.0,9,1.0,2,"[""pull_request"", ""push""]",1,"[""ubuntu-latest""]",False,False,False,False,False,3,"[""actions/setup-python@v2"", ""actions/setup-python@v4"", ""pypa/gh-action-pypi-publish@release/v1""]","agiresearch/OpenAGI ha 9 workflow (9 YAML-like), con 9 job totali e media 1.0 job/workflow. Trigger principali: pull_request, push. Runner principali: ubuntu-latest. Matrix: no, workflow riusabili ricevuti (workflow_call): no, riuso di workflow esterni/interni: no."
assafelovic/gpt-researcher,assafelovic__gpt-researcher,8,8,1.0,18,2.25,3,"[""pull_request"", ""push"", ""workflow_dispatch""]",2,"[""${{ matrix.runner_label }}"", ""ubuntu-latest""]",True,True,False,False,True,17,"[""\""actions/checkout@v4\"""", ""\""docker/build-push-action@v6\"""", ""\""docker/login-action@v3\"""", ""\""docker/metadata-action@v5\"""", ""\""docker/setup-buildx-action@v3\"""", ""\""docker/setup-qemu-action@v3\"""", ""actions/checkout@master"", ""actions/checkout@v3"", ""actions/checkout@v4"", ""actions/checkout@v5""]","assafelovic/gpt-researcher ha 8 workflow (8 YAML-like), con 18 job totali e media 2.25 job/workflow. Trigger principali: pull_request, push, workflow_dispatch. Runner principali: ${{ matrix.runner_label }}, ubuntu-latest. Matrix: si, workflow riusabili ricevuti (workflow_call): no, riuso di workflow esterni/interni: si."
myshell-ai/AIlice,myshell-ai__AIlice,6,6,1.0,6,1.0,3,"[""pull_request"", ""push"", ""workflow_dispatch""]",1,"[""${{ matrix.os }}""]",True,True,False,False,False,1,"[""actions/setup-python@v4""]","myshell-ai/AIlice ha 6 workflow (6 YAML-like), con 6 job totali e media 1.0 job/workflow. Trigger principali: pull_request, push, workflow_dispatch. Runner principali: ${{ matrix.os }}. Matrix: si, workflow riusabili ricevuti (workflow_call): no, riuso di workflow esterni/interni: no."
nicepkg/gpt-runner,nicepkg__gpt-runner,6,6,1.0,6,1.0,2,"[""pull_request"", ""push""]",1,"[""ubuntu-latest""]",True,False,False,False,False,3,"[""actions/setup-java@v3"", ""actions/setup-node@v3"", ""pnpm/action-setup@v2""]","nicepkg/gpt-runner ha 6 workflow (6 YAML-like), con 6 job totali e media 1.0 job/workflow. Trigger principali: pull_request, push. Runner principali: ubuntu-latest. Matrix: si, workflow riusabili ricevuti (workflow_call): no, riuso di workflow esterni/interni: no."
OpenBMB/AgentVerse,OpenBMB__AgentVerse,5,5,1.0,5,1.0,2,"[""pull_request"", ""push""]",1,"[""${{ matrix.os }}""]",True,False,False,False,False,2,"[""actions/setup-python@v4"", ""styfle/cancel-workflow-action@0.11.0""]","OpenBMB/AgentVerse ha 5 workflow (5 YAML-like), con 5 job totali e media 1.0 job/workflow. Trigger principali: pull_request, push. Runner principali: ${{ matrix.os }}. Matrix: si, workflow riusabili ricevuti (workflow_call): no, riuso di workflow esterni/interni: no."
blob42/Instrukt,blob42__Instrukt,5,5,1.0,10,2.0,2,"[""push"", ""workflow_dispatch""]",1,"[""ubuntu-latest""]",False,True,False,False,False,4,"[""actions/configure-pages@v3"", ""actions/deploy-pages@v2"", ""actions/upload-pages-artifact@v2"", ""snok/install-poetry@v1""]","blob42/Instrukt ha 5 workflow (5 YAML-like), con 10 job totali e media 2.0 job/workflow. Trigger principali: push, workflow_dispatch. Runner principali: ubuntu-latest. Matrix: no, workflow riusabili ricevuti (workflow_call): no, riuso di workflow esterni/interni: no."
101dotxyz/GPTeam,101dotxyz__GPTeam,4,4,1.0,4,1.0,2,"[""pull_request"", ""push""]",1,"[""${{ matrix.os }}""]",True,False,False,False,False,3,"[""actions/checkout@v2"", ""actions/checkout@v3"", ""actions/setup-python@v2""]","101dotxyz/GPTeam ha 4 workflow (4 YAML-like), con 4 job totali e media 1.0 job/workflow. Trigger principali: pull_request, push. Runner principali: ${{ matrix.os }}. Matrix: si, workflow riusabili ricevuti (workflow_call): no, riuso di workflow esterni/interni: no."
metauto-ai/GPTSwarm,metauto-ai__GPTSwarm,4,4,1.0,4,1.0,2,"[""pull_request"", ""push""]",1,"[""ubuntu-latest""]",False,False,False,False,False,2,"[""actions/setup-python@v3"", ""coverallsapp/github-action@v2""]","metauto-ai/GPTSwarm ha 4 workflow (4 YAML-like), con 4 job totali e media 1.0 job/workflow. Trigger principali: pull_request, push. Runner principali: ubuntu-latest. Matrix: no, workflow riusabili ricevuti (workflow_call): no, riuso di workflow esterni/interni: no."
stackwiseai/stackwise,stackwiseai__stackwise,4,4,1.0,4,1.0,3,"[""pull_request"", ""pull_request_target"", ""push""]",2,"[""ubuntu-latest"", ""ubuntu-latest # can also change to: windows-latest || macos-latest""]",False,False,False,False,False,3,"[""actions/checkout@v2"", ""actions/setup-node@v2"", ""tj-actions/changed-files@v40""]","stackwiseai/stackwise ha 4 workflow (4 YAML-like), con 4 job totali e media 1.0 job/workflow. Trigger principali: pull_request, pull_request_target, push. Runner principali: ubuntu-latest, ubuntu-latest # can also change to: windows-latest || macos-latest. Matrix: no, workflow riusabili ricevuti (workflow_call): no, riuso di workflow esterni/interni: no."
TheoLvs/westworld,TheoLvs__westworld,3,3,1.0,3,1.0,3,"[""pull_request"", ""push"", ""workflow_dispatch""]",1,"[""ubuntu-latest""]",False,True,False,False,False,1,"[""abatilo/actions-poetry@v2.1.0""]","TheoLvs/westworld ha 3 workflow (3 YAML-like), con 3 job totali e media 1.0 job/workflow. Trigger principali: pull_request, push, workflow_dispatch. Runner principali: ubuntu-latest. Matrix: no, workflow riusabili ricevuti (workflow_call): no, riuso di workflow esterni/interni: no."
dot-agent/dotagent,dot-agent__dotagent,3,3,1.0,3,1.0,2,"[""pull_request"", ""push""]",2,"[""${{ matrix.os }}"", ""ubuntu-latest""]",True,False,False,False,False,0,[],"dot-agent/dotagent ha 3 workflow (3 YAML-like), con 3 job totali e media 1.0 job/workflow. Trigger principali: pull_request, push. Runner principali: ${{ matrix.os }}, ubuntu-latest. Matrix: si, workflow riusabili ricevuti (workflow_call): no, riuso di workflow esterni/interni: no."
e2b-dev/e2b-cookbook,e2b-dev__e2b-cookbook,3,3,1.0,3,1.0,2,"[""schedule"", ""workflow_dispatch""]",1,"[""ubuntu-latest""]",False,True,True,False,False,5,"[""actions/checkout@v2"", ""actions/setup-node@v2"", ""actions/upload-artifact@v3"", ""actions/upload-artifact@v4"", ""rtCamp/action-slack-notify@v2""]","e2b-dev/e2b-cookbook ha 3 workflow (3 YAML-like), con 3 job totali e media 1.0 job/workflow. Trigger principali: schedule, workflow_dispatch. Runner principali: ubuntu-latest. Matrix: no, workflow riusabili ricevuti (workflow_call): no, riuso di workflow esterni/interni: no."
eumemic/ai-legion,eumemic__ai-legion,3,3,1.0,3,1.0,2,"[""pull_request"", ""push""]",1,"[""ubuntu-latest""]",True,False,False,False,False,1,"[""actions/setup-node@v3""]","eumemic/ai-legion ha 3 workflow (3 YAML-like), con 3 job totali e media 1.0 job/workflow. Trigger principali: pull_request, push. Runner principali: ubuntu-latest. Matrix: si, workflow riusabili ricevuti (workflow_call): no, riuso di workflow esterni/interni: no."
markeljan/web3gpt,markeljan__web3gpt,3,3,1.0,3,1.0,5,"[""issue_comment"", ""issues"", ""pull_request"", ""pull_request_review"", ""pull_request_review_comment""]",1,"[""ubuntu-latest""]",False,False,False,False,False,2,"[""actions/checkout@v4"", ""anthropics/claude-code-action@beta""]","markeljan/web3gpt ha 3 workflow (3 YAML-like), con 3 job totali e media 1.0 job/workflow. Trigger principali: issue_comment, issues, pull_request, pull_request_review. Runner principali: ubuntu-latest. Matrix: no, workflow riusabili ricevuti (workflow_call): no, riuso di workflow esterni/interni: no."
saten-private/BabyCommandAGI,saten-private__BabyCommandAGI,3,3,1.0,3,1.0,2,"[""schedule"", ""workflow_dispatch""]",1,"[""ubuntu-latest""]",False,True,True,False,False,5,"[""JamesIves/github-pages-deploy-action@v4"", ""JamesIves/github-pages-deploy-action@v4.6.0"", ""JamesIves/github-pages-deploy-action@v4.6.1"", ""JamesIves/github-sponsors-readme-action@v1"", ""actions/checkout@v2""]","saten-private/BabyCommandAGI ha 3 workflow (3 YAML-like), con 3 job totali e media 1.0 job/workflow. Trigger principali: schedule, workflow_dispatch. Runner principali: ubuntu-latest. Matrix: no, workflow riusabili ricevuti (workflow_call): no, riuso di workflow esterni/interni: no."
team-openpm/workgpt,team-openpm__workgpt,3,3,1.0,8,2.6667,2,"[""pull_request"", ""push""]",2,"[""${{ matrix.os }}"", ""ubuntu-latest""]",True,False,False,False,False,0,[],"team-openpm/workgpt ha 3 workflow (3 YAML-like), con 8 job totali e media 2.6667 job/workflow. Trigger principali: pull_request, push. Runner principali: ${{ matrix.os }}, ubuntu-latest. Matrix: si, workflow riusabili ricevuti (workflow_call): no, riuso di workflow esterni/interni: no."
MineDojo/Voyager,MineDojo__Voyager,2,2,1.0,2,1.0,1,"[""schedule""]",1,"[""ubuntu-latest""]",False,False,True,False,False,0,[],"MineDojo/Voyager ha 2 workflow (2 YAML-like), con 2 job totali e media 1.0 job/workflow. Trigger principali: schedule. Runner principali: ubuntu-latest. Matrix: no, workflow riusabili ricevuti (workflow_call): no, riuso di workflow esterni/interni: no."
OpenBMB/ChatDev,OpenBMB__ChatDev,2,2,1.0,2,1.0,3,"[""pull_request"", ""push"", ""workflow_dispatch""]",1,"[""ubuntu-latest""]",False,True,False,False,True,4,"[""actions/cache@v4"", ""actions/checkout@v4"", ""actions/setup-python@v5"", ""astral-sh/setup-uv@v4""]","OpenBMB/ChatDev ha 2 workflow (2 YAML-like), con 2 job totali e media 1.0 job/workflow. Trigger principali: pull_request, push, workflow_dispatch. Runner principali: ubuntu-latest. Matrix: no, workflow riusabili ricevuti (workflow_call): no, riuso di workflow esterni/interni: si."
muellerberndt/mini-agi,muellerberndt__mini-agi,2,2,1.0,2,1.0,0,[],1,"[""ubuntu-latest""]",True,False,False,False,False,1,"[""actions/setup-python@v3""]","muellerberndt/mini-agi ha 2 workflow (2 YAML-like), con 2 job totali e media 1.0 job/workflow. Trigger principali: eventi non identificati. Runner principali: ubuntu-latest. Matrix: si, workflow riusabili ricevuti (workflow_call): no, riuso di workflow esterni/interni: no."
OthersideAI/self-operating-computer,OthersideAI__self-operating-computer,1,1,1.0,1,1.0,1,"[""push""]",1,"[""ubuntu-latest""]",False,False,False,False,False,2,"[""actions/setup-python@v3"", ""pypa/gh-action-pypi-publish@v1.4.2""]","OthersideAI/self-operating-computer ha 1 workflow (1 YAML-like), con 1 job totali e media 1.0 job/workflow. Trigger principali: push. Runner principali: ubuntu-latest. Matrix: no, workflow riusabili ricevuti (workflow_call): no, riuso di workflow esterni/interni: no."
PromtEngineer/localGPT,PromtEngineer__localGPT,1,1,1.0,1,1.0,0,[],1,"[""ubuntu-latest""]",False,False,False,False,False,2,"[""actions/cache@v3"", ""actions/checkout@v3""]","PromtEngineer/localGPT ha 1 workflow (1 YAML-like), con 1 job totali e media 1.0 job/workflow. Trigger principali: eventi non identificati. Runner principali: ubuntu-latest. Matrix: no, workflow riusabili ricevuti (workflow_call): no, riuso di workflow esterni/interni: no."
TaxyAI/browser-extension,TaxyAI__browser-extension,1,1,1.0,1,1.0,1,"[""push""]",1,"[""ubuntu-latest""]",False,False,False,False,False,5,"[""actions/checkout@v3"", ""actions/setup-node@v2"", ""cardinalby/webext-buildtools-chrome-crx-action@v2"", ""cardinalby/webext-buildtools-pack-extension-dir-action@v1"", ""softprops/action-gh-release@v1""]","TaxyAI/browser-extension ha 1 workflow (1 YAML-like), con 1 job totali e media 1.0 job/workflow. Trigger principali: push. Runner principali: ubuntu-latest. Matrix: no, workflow riusabili ricevuti (workflow_call): no, riuso di workflow esterni/interni: no."
Technion-Kishony-lab/data-to-paper,Technion-Kishony-lab__data-to-paper,1,1,1.0,1,1.0,1,"[""push""]",1,"[""ubuntu-latest""]",False,False,False,False,False,1,"[""actions/setup-python@v5""]","Technion-Kishony-lab/data-to-paper ha 1 workflow (1 YAML-like), con 1 job totali e media 1.0 job/workflow. Trigger principali: push. Runner principali: ubuntu-latest. Matrix: no, workflow riusabili ricevuti (workflow_call): no, riuso di workflow esterni/interni: no."
codeintegrity-ai/mutahunter,codeintegrity-ai__mutahunter,1,1,1.0,1,1.0,2,"[""pull_request"", ""push""]",1,"[""ubuntu-latest""]",False,False,False,False,False,2,"[""actions/checkout@v4"", ""actions/setup-python@v5""]","codeintegrity-ai/mutahunter ha 1 workflow (1 YAML-like), con 1 job totali e media 1.0 job/workflow. Trigger principali: pull_request, push. Runner principali: ubuntu-latest. Matrix: no, workflow riusabili ricevuti (workflow_call): no, riuso di workflow esterni/interni: no."
farizrahman4u/loopgpt,farizrahman4u__loopgpt,1,1,1.0,1,1.0,4,"[""pull_request"", ""push"", ""schedule"", ""workflow_dispatch""]",1,"[""${{ matrix.os }}""]",True,True,True,False,False,1,"[""actions/setup-python@v4""]","farizrahman4u/loopgpt ha 1 workflow (1 YAML-like), con 1 job totali e media 1.0 job/workflow. Trigger principali: pull_request, push, schedule, workflow_dispatch. Runner principali: ${{ matrix.os }}. Matrix: si, workflow riusabili ricevuti (workflow_call): no, riuso di workflow esterni/interni: no."
getcursor/cursor,getcursor__cursor,1,1,1.0,1,1.0,2,"[""pull_request"", ""push""]",1,"[""${{matrix.os}}""]",True,False,False,False,False,1,"[""actions/upload-artifact@v3""]","getcursor/cursor ha 1 workflow (1 YAML-like), con 1 job totali e media 1.0 job/workflow. Trigger principali: pull_request, push. Runner principali: ${{matrix.os}}. Matrix: si, workflow riusabili ricevuti (workflow_call): no, riuso di workflow esterni/interni: no."
kuafuai/DevOpsGPT,kuafuai__DevOpsGPT,1,1,1.0,1,1.0,3,"[""pull_request"", ""push"", ""workflow_dispatch""]",1,"[""ubuntu-latest""]",False,True,False,False,False,0,[],"kuafuai/DevOpsGPT ha 1 workflow (1 YAML-like), con 1 job totali e media 1.0 job/workflow. Trigger principali: pull_request, push, workflow_dispatch. Runner principali: ubuntu-latest. Matrix: no, workflow riusabili ricevuti (workflow_call): no, riuso di workflow esterni/interni: no."
microsoft/UFO,microsoft__UFO,1,1,1.0,1,1.0,1,"[""push""]",1,"[""ubuntu-latest""]",False,False,False,False,False,2,"[""actions/checkout@v2"", ""actions/setup-python@v2""]","microsoft/UFO ha 1 workflow (1 YAML-like), con 1 job totali e media 1.0 job/workflow. Trigger principali: push. Runner principali: ubuntu-latest. Matrix: no, workflow riusabili ricevuti (workflow_call): no, riuso di workflow esterni/interni: no."
proficientai/js,proficientai__js,1,1,1.0,1,1.0,2,"[""pull_request"", ""push""]",1,"[""ubuntu-latest""]",False,False,False,False,False,2,"[""actions/checkout@v3"", ""actions/setup-node@v3""]","proficientai/js ha 1 workflow (1 YAML-like), con 1 job totali e media 1.0 job/workflow. Trigger principali: pull_request, push. Runner principali: ubuntu-latest. Matrix: no, workflow riusabili ricevuti (workflow_call): no, riuso di workflow esterni/interni: no."
samholt/l2mac,samholt__l2mac,1,1,1.0,2,2.0,2,"[""push"", ""workflow_dispatch""]",1,"[""ubuntu-latest""]",False,True,False,False,False,5,"[""actions/checkout@v4"", ""actions/configure-pages@v4"", ""actions/deploy-pages@v4"", ""actions/setup-node@v4"", ""actions/upload-pages-artifact@v3""]","samholt/l2mac ha 1 workflow (1 YAML-like), con 2 job totali e media 2.0 job/workflow. Trigger principali: push, workflow_dispatch. Runner principali: ubuntu-latest. Matrix: no, workflow riusabili ricevuti (workflow_call): no, riuso di workflow esterni/interni: no."
xlang-ai/OpenAgents,xlang-ai__OpenAgents,1,1,1.0,1,1.0,1,"[""schedule""]",1,"[""ubuntu-latest""]",False,False,True,False,False,0,[],"xlang-ai/OpenAgents ha 1 workflow (1 YAML-like), con 1 job totali e media 1.0 job/workflow. Trigger principali: schedule. Runner principali: ubuntu-latest. Matrix: no, workflow riusabili ricevuti (workflow_call): no, riuso di workflow esterni/interni: no."
zabirauf/AutoGPT.js,zabirauf__AutoGPT.js,1,1,1.0,6,6.0,1,"[""push""]",1,"[""ubuntu-latest""]",False,False,False,False,False,11,"[""SebRollen/toml-action@v1.0.2"", ""actions/cache@v3"", ""actions/checkout@v3"", ""actions/setup-node@v3"", ""bahmutov/npm-install@v1"", ""cypress-io/github-action@v5"", ""docker/build-push-action@v4"", ""docker/login-action@v2"", ""docker/setup-buildx-action@v2"", ""styfle/cancel-workflow-action@0.11.0""]","zabirauf/AutoGPT.js ha 1 workflow (1 YAML-like), con 6 job totali e media 6.0 job/workflow. Trigger principali: push. Runner principali: ubuntu-latest. Matrix: no, workflow riusabili ricevuti (workflow_call): no, riuso di workflow esterni/interni: no."
